transactionId,date,product,category,supplier,quantity,unitPrice,totalAmount
TX001,2026-01-01,Laptop,Electronics,ABC,10,50000,500000
TX002,2026-01-05,Laptop,Electronics,ABC,8,51000,408000
TX003,2026-01-10,Laptop,Electronics,XYZ,12,49500,594000
TX004,2026-01-15,Laptop,Electronics,ABC,7,50500,353500
TX005,2026-01-20,Laptop,Electronics,XYZ,9,50000,450000
TX019,2026-01-22,Laptop,Electronics,PQR,10,50500,505000
TX020,2026-01-24,Laptop,Electronics,PQR,8,50000,400000
TX006,2026-01-25,Laptop,Electronics,ABC,6,80000,480000
TX007,2026-02-01,Monitor,Electronics,ABC,10,15000,150000
TX008,2026-02-05,Monitor,Electronics,XYZ,12,15200,182400
TX009,2026-02-10,Monitor,Electronics,ABC,8,14800,118400
TX010,2026-02-15,Monitor,Electronics,XYZ,9,15100,135900
TX011,2026-02-20,Monitor,Electronics,ABC,10,14900,149000
TX012,2026-02-25,Monitor,Electronics,ABC,7,25000,175000
TX013,2026-03-01,Printer,Electronics,ABC,5,22000,110000
TX014,2026-03-05,Printer,Electronics,XYZ,6,22500,135000
TX015,2026-03-10,Printer,Electronics,ABC,4,21800,87200
TX016,2026-03-15,Printer,Electronics,XYZ,5,22300,111500
TX017,2026-03-20,Printer,Electronics,ABC,50,22000,1100000
TX018,2026-03-21,Printer,Electronics,ABC,50,22000,1100000